[
  {
    "id": 1000,
    "field": "",
    "question": "Что вы чувствуете?",
    "select": "multiple",
    "variants": [
      "Тревога, стресс",
      "Упадок сил, отсутствие мотивации",
      "Неуверенность в себе, нестабильная самооценка",
      "Неудовлетворенность жизнью",
      "Депрессивное состояние",
      "Одиночество, изоляция",
      "Эмоциональное онемение"
    ]
  },
  {
    "id": 1001,
    "field": "",
    "question": "Какие у вас проблемы?",
    "select": "multiple",
    "variants": [
      "Прокрастинация, перфекционизм",
      "Эмоции мешают работе/учебе",
      "Бессонница, нарушения сна",
      "Расстройства пищевого поведения",
      "Вспышки гнева, агрессия",
      "Панические атаки",
      "Проблемы с концентрацией",
      "Гиперконтроль",
      "Зависимости",
      "Фобии",
      "Отсутствие интересов, снижение либидо",
      "Низкая самооценка"
    ]
  },
  {
    "id": 1002,
    "field": "",
    "question": "Что с вами произошло?",
    "select": "single",
    "variants": [
      "Семейные или партнерские конфликты",
      "Психосоматические симптомы",
      "Профессиональное выгорание",
      "Трудности в карьере/учебе",
      "Потеря близкого человека, развод",
      "Созависимые отношения",
      "Беременность, подготовка к материнству",
      "Переезд, эмиграция",
      "Горе, утрата",
      "Психологическая травма, абьюз",
      "Тяжелое хроническое заболевание",
      "Потеря работы, кризис",
      "Проблемы с детьми/подростками",
      "Спортивная травма, завершение карьеры"
    ]
  },
  {
    "id": 1003,
    "field": "gender",
    "question": "Предпочтения по полу специалиста",
    "select": "single",
    "variants": ["Мужчина", "Женщина", "Неважно"]
  },
  {
    "id": 1004,
    "field": "age",
    "question": "Возраст психолога",
    "select": "single",
    "variants": ["20–35 лет", "35–50 лет", "От 50 лет", "Неважно"]
  },
  {
    "id": 1005,
    "field": "experience_years",
    "question": "Опыт работы",
    "select": "single",
    "variants": ["20–35 лет", "35–50 лет", "От 50 лет", "Неважно"]
  },
  {
    "id": 1006,
    "field": "",
    "question": "Когда нужна консультация?",
    "select": "single",
    "variants": [
      "В ближайшие 24 часа",
      "В течение 3 дней",
      "На этой неделе",
      "В течение месяца",
      "Неважно"
    ]
  },
  {
    "id": 1007,
    "field": "price",
    "question": "Бюджет на сессию",
    "select": "single",
    "variants": [
      "От 3000 до 5000 ₽",
      "От 5000 до 10000 ₽",
      "От 10000 до 20000 ₽"
    ]
  },
  {
    "id": 1008,
    "field": "",
    "question": "Опыт работы с этническими группами",
    "select": "single",
    "variants": ["Да", "Нет", "Неважно"]
  },
  {
    "id": 1009,
    "field": "",
    "question": "Религиозная направленность",
    "select": "single",
    "variants": ["Христианство", "Ислам", "Буддизм", "Иудаизм", "Неважно"]
  },
  {
    "id": 1010,
    "field": "experience_route",
    "question": "Религиозная направленность",
    "select": "single",
    "variants": ["Для себя", "Для ребенка", "Пары", "Супервизии"]
  },
  {
    "id": 1011,
    "field": "method",
    "question": "Методы терапии",
    "select": "multiple",
    "variants": []
  }
]
